,Cities,Cloudiness,Country,Date,Humidity,Latitude,Longitude,Windspeed,Max Temp
0,albany,90,US,1560866451,77,42.65,-73.75,0.45,63.84
1,mataura,70,NZ,1560866451,92,-46.19,168.86,5.3,35.8
2,butaritari,100,KI,1560866451,79,3.07,172.79,11.12,82.96
3,nuuk,40,GL,1560866451,66,64.17,-51.74,11.41,51.42
4,saint-pierre,0,FR,1560866452,42,48.95,4.24,5.82,82.4
5,dikson,100,RU,1560866452,98,73.51,80.55,6.73,35.62
6,along,2,IN,1560866452,92,28.17,94.8,5.03,58.12
7,illoqqortoormiut,,,,,,,,
8,hobart,75,AU,1560866404,75,-42.88,147.33,17.22,44.71
9,tsihombe,,,,,,,,
10,seybaplaya,75,MX,1560866453,88,19.65,-90.67,11.41,78.8
11,saskylakh,67,RU,1560866453,61,71.97,114.09,15.86,72.16
12,hermanus,76,ZA,1560866453,25,-34.42,19.24,7,80.01
13,yerbogachen,22,RU,1560866331,77,61.28,108.01,5.84,54.88
14,busselton,0,AU,1560866453,63,-33.64,115.35,5.57,44.69
15,ushuaia,0,AR,1560866453,65,-54.81,-68.31,4.38,39.52
16,pandan,0,PH,1560866454,68,11.72,122.09,5.39,84.94
17,yar-sale,76,RU,1560866454,60,66.83,70.83,5.57,43.9
18,khatanga,87,RU,1560866454,77,71.98,102.47,22.5,52.36
19,barrow,100,AR,1560866454,90,-38.31,-60.23,12.8,52.18
20,buala,99,SB,1560866454,80,-8.15,159.59,2.35,79.54
21,vaini,75,IN,1560866454,78,15.34,74.49,11.41,77.92
22,rikitea,0,PF,1560866412,68,-23.12,-134.97,23.82,70.9
23,broken hill,99,AU,1560866454,55,-31.97,141.45,4.7,42.8
24,taolanaro,,,,,,,,
25,tuktoyaktuk,75,CA,1560866455,100,69.44,-133.03,4.7,33.8
26,flin flon,20,CA,1560866455,67,54.77,-101.88,3.36,60.8
27,hamilton,75,CA,1560866345,63,43.26,-79.87,6.93,66.88
28,alotau,,,,,,,,
29,amderma,,,,,,,,
30,mys shmidta,,,,,,,,
31,new norfolk,75,AU,1560866456,75,-42.78,147.06,17.22,44.73
32,cajamarca,75,PE,1560866456,67,-7.16,-78.52,1.12,59
33,vestmannaeyjar,28,IS,1560866456,62,63.44,-20.27,14.72,52.18
34,bluff,0,AU,1560866456,65,-23.58,149.07,6.35,53.62
35,novouzensk,6,RU,1560866456,45,50.46,48.14,9.42,77.56
36,port hedland,0,AU,1560866456,77,-20.31,118.58,6.93,60.8
37,iqaluit,40,CA,1560866456,87,63.75,-68.52,3.36,42.4
38,saint-philippe,1,CA,1560866456,56,45.36,-73.48,5.21,70.72
39,isangel,66,VU,1560866457,78,-19.55,169.27,6.22,74.5
40,thompson,20,CA,1560866457,54,55.74,-97.86,3.36,59
41,cape town,0,ZA,1560866165,22,-33.93,18.42,11.41,80.28
42,baihar,67,IN,1560866457,59,22.11,80.55,3.36,81.34
43,waspan,,,,,,,,
44,yellowknife,75,CA,1560866199,77,62.45,-114.38,10.29,62.31
45,mutoko,0,ZW,1560866457,42,-17.4,32.23,6.17,68.92
46,bethel,1,US,1560866458,100,60.79,-161.76,10.29,54.52
47,dali,9,CN,1560866458,75,25.6,100.24,2.28,65.14
48,ostrovnoy,96,RU,1560866458,67,68.05,39.51,11.41,41.2
49,atuona,0,PF,1560866459,78,-9.8,-139.03,19.44,80.62
50,camana,,,,,,,,
51,samarai,90,PG,1560866459,92,-10.62,150.67,6.51,72.34
52,nikolskoye,0,RU,1560866459,44,59.7,30.79,20.13,75.42
53,kota belud,75,MY,1560866459,83,6.35,116.43,6.93,80.2
54,bilma,0,NE,1560866459,6,18.69,12.92,7.27,107.44
55,port alfred,0,ZA,1560866459,90,-33.59,26.89,7,66
56,vrangel,2,RU,1560866459,96,42.73,133.08,2.75,51.82
57,idritsa,0,RU,1560866460,46,56.33,28.9,8.14,75.04
58,anda,0,CN,1560866460,38,46.41,125.33,7.38,68.38
59,malanville,0,NE,1560866460,19,11.86,3.39,8.88,105.28
60,boyuibe,90,BO,1560866460,100,-20.43,-63.28,4.61,55.4
61,vaitupu,,,,,,,,
62,castro,90,CL,1560866460,100,-42.48,-73.76,2.24,42.8
63,kavieng,100,PG,1560866461,78,-2.57,150.8,4.56,80.8
64,grand gaube,20,MU,1560866461,57,-20.01,57.66,17.22,74.28
65,banda aceh,100,ID,1560866461,70,5.56,95.32,13.33,85.66
66,marion,90,US,1560866185,100,35.21,-90.2,3.36,72.59
67,belushya guba,,,,,,,,
68,sentyabrskiy,,,,,,,,
69,tura,100,IN,1560866462,91,25.52,90.21,0.96,80.62
70,batagay,0,RU,1560866462,60,67.65,134.64,1.23,55.42
71,peace river,75,CA,1560866462,76,56.23,-117.29,9.17,57.58
72,qaanaaq,100,GL,1560866462,75,77.48,-69.36,8.68,37.06
73,pisco,90,PE,1560866462,30,-13.71,-76.2,4.7,67.86
74,samusu,,,,,,,,
75,lavrentiya,0,RU,1560866462,51,65.58,-170.99,6.69,46.24
76,east london,0,ZA,1560866463,68,-33.02,27.91,16.11,69.8
77,taos,0,US,1560866463,81,36.41,-105.57,6.26,46.11
78,baker city,1,US,1560866463,87,44.77,-117.83,5.79,56.52
79,hithadhoo,100,MV,1560866463,74,-0.6,73.08,5.35,84.58
80,diplo,87,PK,1560866463,67,24.47,69.59,25.05,87.46
81,saurimo,0,AO,1560866463,23,-9.66,20.4,8.05,84.2
82,dingle,0,PH,1560866463,82,11,122.67,3.29,77.2
83,airai,64,TL,1560866464,79,-8.93,125.41,5.99,69.1
84,ribeira grande,75,PT,1560866464,72,38.52,-28.7,11.41,68
85,galgani,,,,,,,,
86,punta arenas,0,CL,1560866464,70,-53.16,-70.91,8.05,45.63
87,georgetown,75,GY,1560866464,83,6.8,-58.16,6.93,83.37
88,poum,40,MK,1560866465,39,41.28,20.71,5.82,82.4
89,san patricio,0,PY,1560866465,74,-26.98,-56.83,6.02,74.32
90,longlac,,,,,,,,
91,cap malheureux,20,MU,1560866465,57,-19.98,57.61,17.22,74.3
92,hilo,75,US,1560866465,88,19.71,-155.08,4.7,70.12
93,lebu,100,ET,1560866465,80,8.96,38.73,7.27,61.72
94,contamana,20,PE,1560866465,48,-7.35,-75.01,0.76,89.98
95,kidal,43,ML,1560866466,9,18.44,1.41,9.35,111.58
96,te anau,68,NZ,1560866466,73,-45.41,167.72,0.72,37.96
97,bredasdorp,66,ZA,1560866466,21,-34.53,20.04,3.36,82.4
98,maceio,75,BR,1560866466,61,-9.67,-35.74,13.87,82.4
99,ornskoldsvik,0,SE,1560866466,40,63.29,18.72,10.29,74.39
100,miramar,40,CR,1560866466,73,10.09,-84.73,12.75,74.52
101,upernavik,50,GL,1560866467,83,72.79,-56.15,3.36,35.98
102,chuy,50,UY,1560866467,83,-33.69,-53.46,10.13,66.4
103,hami,100,CN,1560866467,26,42.84,93.51,8.21,79.72
104,avarua,0,CK,1560866411,94,-21.21,-159.78,4.7,73.4
105,pyapon,100,MM,1560866467,85,16.29,95.68,10.02,79.36
106,olawa,0,PL,1560866467,44,50.95,17.29,8.05,80.22
107,tuatapere,91,NZ,1560866467,75,-46.13,167.69,8.03,48.4
108,jamestown,0,AU,1560866468,82,-33.21,138.6,2.59,41.56
109,sao filipe,0,CV,1560866468,81,14.9,-24.5,26.66,75.04
110,ajdabiya,41,LY,1560866468,50,30.75,20.22,22.15,82.06
111,poopo,0,BO,1560866468,59,-18.38,-66.97,4.7,37.4
112,zhigansk,15,RU,1560866468,36,66.77,123.37,2.39,64.06
113,luderitz,76,NA,1560866468,14,-26.65,15.16,3.36,93.2
114,gua musang,100,MY,1560866469,99,4.88,101.97,1.14,66.76
115,severo-kurilsk,60,RU,1560866469,89,50.68,156.12,19.66,42.82
116,halifax,40,CA,1560866251,52,44.65,-63.58,8.05,70.11
117,fare,0,PF,1560866469,80,-16.7,-151.02,18.7,79.9
118,necochea,100,AR,1560866227,97,-38.55,-58.74,8.99,52
119,ponta do sol,0,BR,1560866469,52,-20.63,-46,4.83,72.34
120,chapais,20,CA,1560866469,71,49.78,-74.86,6.93,50
121,cascais,40,PT,1560866469,77,38.7,-9.42,17.22,69.31
122,namibe,0,AO,1560866470,61,-15.19,12.15,9.17,78.8
123,kouroussa,0,GN,1560866470,50,10.65,-9.88,5.08,90.88
124,shushtar,0,IR,1560866470,1,32.05,48.86,6.93,111.2
125,cabo san lucas,5,MX,1560866469,36,22.89,-109.91,5.82,80.2
126,kodiak,40,US,1560866470,88,39.95,-94.76,5.64,70.93
127,zachagansk,,,,,,,,
128,alofi,69,NU,1560866470,94,-19.06,-169.92,4.7,75.2
129,kigoma,6,TZ,1560866470,53,-4.88,29.64,8.32,77.74
130,afua,100,NG,1560866470,69,5.27,7.87,5.08,85.12
131,skalistyy,,,,,,,,
132,kaitangata,55,NZ,1560866471,82,-46.28,169.85,1.99,32
133,bairiki,,,,,,,,
134,mahebourg,20,MU,1560866471,57,-20.41,57.7,17.22,74.03
135,baijiantan,72,CN,1560866471,18,45.63,85.18,11.95,80.62
136,chimbote,100,PE,1560866471,91,-9.08,-78.59,8.97,63.52
137,marsa matruh,0,EG,1560866471,54,31.35,27.25,10.29,84.2
138,kapaa,75,US,1560866471,88,22.08,-159.32,12.75,76.05
139,grand river south east,,,,,,,,
140,coolum beach,0,AU,1560866472,96,-26.53,153.09,1.01,48.33
141,shelburne,90,CA,1560866472,63,44.08,-80.2,2.24,67.87
142,bargal,,,,,,,,
143,yekaterinovka,0,RU,1560866472,63,46.69,38.75,4.94,77.92
144,puerto ayora,75,EC,1560866472,83,-0.74,-90.35,13.87,73.4
145,bako,75,NG,1560866472,62,9.68,6.4,5.82,89.6
146,ust-nera,94,RU,1560866472,82,64.57,143.24,2.42,45.7
147,paracuru,75,BR,1560866473,78,-3.41,-39.03,6.93,83.23
148,clyde river,1,CA,1560866473,62,70.47,-68.59,4.7,55.4
149,harlingen,40,US,1560866392,83,26.19,-97.7,9.17,82.87
150,najran,20,SA,1560866473,12,17.54,44.22,12.75,104
151,antalaha,4,MG,1560866473,76,-14.9,50.28,3.71,63.7
152,mar del plata,67,AR,1560866473,50,-46.43,-67.52,16.53,44.62
153,tasiilaq,20,GL,1560866474,61,65.61,-37.64,9.17,46.4
154,chokurdakh,6,RU,1560866474,81,70.62,147.9,9.78,42.28
155,naze,63,NG,1560866474,70,5.43,7.07,5.26,85.12
156,khonuu,,,,,,,,
157,el sauzal,90,AR,1560866474,81,-24.3,-64.96,11.41,46.4
158,khorixas,0,NA,1560866474,14,-20.37,14.96,7.27,86.92
159,lagoa,75,PT,1560866475,78,37.14,-8.45,11.41,70.97
160,kyabe,87,TD,1560866475,51,9.45,18.94,3.51,87.1
161,kirakira,90,SB,1560866475,84,-10.46,161.92,3.11,78.1
162,moyale,31,ET,1560866475,60,3.52,39.05,8.48,76.12
163,norman wells,75,CA,1560866475,93,65.28,-126.83,3.36,53.6
164,oranjemund,100,ZA,1560866292,55,-28.55,16.43,5.57,63.7
165,provideniya,100,RU,1560866475,48,64.42,-173.23,1.21,58.84
166,fortuna,0,ES,1560866476,47,38.18,-1.13,5.82,82.42
167,turan,49,RU,1560866476,57,52.15,93.92,1.74,49.48
168,sterling,75,US,1560866476,74,39,-77.4,5.1,76.46
169,athabasca,100,CA,1560866402,98,54.72,-113.29,4.74,54.52
170,rusape,0,ZW,1560866476,46,-18.53,32.12,7.43,62.98
171,zolotinka,,,,,,,,
172,la grande,1,US,1560866476,59,45.32,-118.09,12.37,59.31
173,salamanca,20,ES,1560866477,33,40.97,-5.66,28.86,75.47
174,nokha,94,IN,1560866265,49,27.56,73.47,17.4,91.24
175,aklavik,20,CA,1560866477,75,68.22,-135.01,2.24,42.44
176,porto walter,100,BR,1560866477,59,-8.27,-72.74,1.19,85.48
177,yamada,75,JP,1560866477,68,36.58,137.08,3.36,70.14
178,rodeo,100,MX,1560866477,50,25.18,-104.56,4.36,73.06
179,chilca,66,PE,1560866477,53,-13.22,-72.34,1.12,50
180,atambua,77,ID,1560866477,73,-9.11,124.89,16.26,77.74
181,changji,68,CN,1560866478,92,32.07,116.17,3.89,72.52
182,magway,82,MM,1560866478,88,20.15,94.92,4.74,78.28
183,half moon bay,90,US,1560866443,82,37.46,-122.43,3.36,58.96
184,villarrica,75,CL,1560866478,93,-39.28,-72.23,4.7,45.21
185,cidreira,69,BR,1560866478,58,-30.17,-50.22,8.32,74.68
186,sanok,40,PL,1560866478,57,49.56,22.21,10.29,77.11
187,bambous virieux,20,MU,1560866478,57,-20.34,57.76,17.22,74.07
188,prince rupert,90,CA,1560866479,93,54.32,-130.32,8.05,50
189,kilimatinde,47,TZ,1560866479,42,-5.75,34.82,6.51,75.4
190,victoria,75,BN,1560866479,79,5.28,115.24,3.36,84.09
191,acapulco,75,MX,1560866464,78,16.86,-99.88,1.05,82.4
192,marawi,100,PH,1560866480,85,8,124.29,7,81
193,huarmey,100,PE,1560866480,84,-10.07,-78.15,11.03,64.6
194,torbay,75,CA,1560866480,93,47.66,-52.73,11.41,56.08
195,bengkulu,,,,,,,,
196,geraldton,90,CA,1560866480,71,49.72,-86.95,8.05,51.8
197,konakovo,45,RU,1560866480,54,56.71,36.78,9.28,74.5
198,narsaq,40,GL,1560866480,58,60.91,-46.05,8.05,55.4
199,yumen,100,CN,1560866480,28,40.29,97.04,3.2,74.5
200,amahai,27,ID,1560866480,90,-3.31,129,11.5,80.01
201,dakar,40,SN,1560866431,55,14.69,-17.45,9.17,85.01
202,nevers,0,FR,1560866260,45,46.99,3.16,9.17,83.91
203,inirida,19,CO,1560866481,60,3.87,-67.92,0.51,87.64
204,killybegs,20,IE,1560866481,82,54.63,-8.45,9.17,59.92
205,port hawkesbury,20,CA,1560866481,87,45.62,-61.36,9.17,64.18
206,caravelas,47,BR,1560866481,77,-17.73,-39.27,7.25,74.86
207,arraial do cabo,0,BR,1560866481,65,-22.97,-42.02,10.29,76.06
208,longyearbyen,20,NO,1560866481,56,78.22,15.63,5.82,44.6
209,sept-iles,20,CA,1560866481,55,50.2,-66.38,5.82,60.42
210,kavaratti,100,IN,1560866481,76,10.57,72.64,21.61,84.94
211,okhotsk,100,RU,1560866482,80,59.36,143.24,3.76,50.74
212,yarim,26,YE,1560866482,57,14.3,44.38,3.65,78.28
213,galveston,90,US,1560866482,88,40.58,-86.19,4.94,70.56
214,angoram,3,PG,1560866482,98,-4.06,144.07,0.4,73.24
215,san policarpo,87,PH,1560866482,77,12.18,125.51,3.51,82.42
216,vila velha,75,BR,1560866482,78,-3.71,-38.6,6.93,83.14
217,los llanos de aridane,75,ES,1560866260,78,28.66,-17.92,6.93,71.38
218,richards bay,0,ZA,1560866482,66,-28.77,32.06,13.94,72.88
219,vanimo,27,PG,1560866483,76,-2.67,141.3,4.25,82.06
220,saint-raymond,20,CA,1560866483,63,46.89,-71.84,3.36,64.18
221,taltal,0,CL,1560866483,27,-25.41,-70.49,5.32,69.64
222,bang saphan,100,TH,1560866483,87,11.21,99.51,10.47,79.54
223,codrington,0,AU,1560866483,93,-28.95,153.24,6.93,53.4
224,mafinga,,,,,,,,
225,ambad,20,IN,1560866483,38,19.61,75.79,10.29,93.2
226,belaya gora,0,RU,1560866483,66,68.54,146.19,11.25,57.58
227,margate,75,AU,1560866484,75,-43.03,147.26,17.22,44.53
228,goderich,82,CA,1560866484,92,43.74,-81.71,1.99,61
229,nouadhibou,9,MR,1560866214,54,20.93,-17.03,14.99,80.6
230,novopokrovka,0,RU,1560866484,96,45.85,134.51,2.33,51.28
231,umzimvubu,,,,,,,,
232,port elizabeth,40,US,1560866484,69,39.31,-74.98,5.82,75.33
233,kikwit,0,CD,1560866484,22,-5.04,18.82,2.98,93.22
234,sultanpur,0,IN,1560866484,27,26.26,82.07,9.84,97.72
235,chardara,,,,,,,,
236,senneterre,20,CA,1560866484,67,48.39,-77.24,8.05,57.2
237,leeuwarden,90,NL,1560866485,64,53.2,5.79,6.93,79.14
238,kismayo,,,,,,,,
239,aykhal,90,RU,1560866485,88,65.95,111.51,4.47,62.6
240,padang,94,ID,1560866485,68,-0.92,100.36,1.9,84.58
241,muramatsu,9,JP,1560866485,83,37.68,139.18,5.55,66.99
242,buraydah,0,SA,1560866485,15,26.33,43.97,9.17,109.4
243,tumannyy,,,,,,,,
244,honiara,75,SB,1560866486,100,-9.43,159.96,4.7,77
245,attawapiskat,,,,,,,,
246,pouebo,27,NC,1560866486,84,-20.4,164.57,2.3,64.24
247,sao jose da coroa grande,46,BR,1560866486,71,-8.9,-35.15,9.26,81.16
248,san jose,0,PH,1560866487,85,15.79,120.99,1.57,80.08
249,bardiyah,,,,,,,,
250,darhan,57,MN,1560866487,68,49.49,105.92,5.55,59.74
251,phan rang,,,,,,,,
252,notre-dame-du-lac,1,CA,1560866488,55,47.61,-68.8,8.05,64.13
253,sakakah,,,,,,,,
254,dunstable,100,GB,1560866488,63,51.89,-0.52,4.7,64.87
255,rungata,,,,,,,,
256,lokken verk,,,,,,,,
257,atikokan,97,CA,1560866488,72,48.76,-91.62,3.62,54.34
258,chernitsyno,75,RU,1560866488,54,51.51,36.05,6.71,82.4
259,la salle,1,US,1560866395,82,41.33,-89.09,3.36,66.81
260,ancud,90,CL,1560866489,100,-41.87,-73.83,2.24,42.8
261,souillac,0,FR,1560866489,42,45.6,-0.6,6.93,86.27
262,mezen,5,RU,1560866489,63,65.85,44.24,11.74,42.82
263,matagami,86,NG,1560866489,74,9.67,8.4,3.74,80.44
264,wukari,61,NG,1560866489,59,7.87,9.78,7.07,89.26
265,karpogory,41,RU,1560866489,36,64,44.44,5.97,66.58
266,delijan,0,IR,1560866489,9,33.99,50.69,10.11,89.08
267,faanui,1,PF,1560866489,80,-16.48,-151.75,19.93,80.26
268,lamar,40,US,1560866235,87,38.09,-102.62,10.18,60.8
269,palabuhanratu,,,,,,,,
270,el alto,20,BO,1560866490,25,-16.5,-68.19,2.24,50
271,esperance,75,TT,1560866490,94,10.24,-61.45,5.82,78.28
272,peniche,75,PT,1560866490,77,39.36,-9.38,19.46,68.97
273,shirokiy,0,RU,1560866490,34,53.87,39.17,3,82
274,mogadishu,75,SO,1560866279,66,2.04,45.34,16.11,84.2
275,bom jesus da lapa,0,BR,1560866490,33,-13.25,-43.41,2.21,91.42
276,koungou,,,,,,,,
277,ukiah,1,US,1560866491,77,39.15,-123.21,2.39,61.32
278,majene,5,ID,1560866294,69,-3.54,118.97,19.89,82.96
279,whitley bay,40,GB,1560866491,52,55.04,-1.44,12.75,67.06
280,tiznit,100,MA,1560866491,87,29.7,-9.73,9.35,66.4
281,manokwari,100,ID,1560866426,85,-0.87,134.08,4.29,74.14
282,mao,75,DO,1560866355,88,19.55,-71.08,5.82,83.89
283,bathsheba,40,BB,1560866491,66,13.22,-59.52,25.28,86
284,aksarka,99,RU,1560866491,41,66.56,67.8,12.33,46.06
285,carnarvon,98,ZA,1560866491,27,-30.97,22.13,9.62,63.52
286,kedougou,7,SN,1560866492,29,12.56,-12.19,4.76,103.66
287,sabang,0,PH,1560866492,74,13.72,123.58,10.2,85.12
288,sembe,,,,,,,,
289,pyay,100,MM,1560866404,91,18.82,95.22,8.1,78.28
290,kemijarvi,,,,,,,,
291,suluq,100,LY,1560866492,40,31.67,20.25,8.03,85.3
292,mahibadhoo,100,MV,1560866492,73,3.78,72.97,16.82,84.04
293,yermakovskoye,48,RU,1560866492,63,53.28,92.4,6.31,60.46
294,batemans bay,0,AU,1560866492,94,-35.71,150.18,1.99,38.48
295,plettenberg bay,6,ZA,1560866493,35,-34.05,23.37,2.1,68.56
296,inuvik,20,CA,1560866493,75,68.36,-133.71,6.93,43.05
297,otjimbingwe,59,NA,1560866493,17,-22.35,16.13,6.98,76.84
298,khoy,91,IR,1560866493,44,38.55,44.95,3.56,62.44
299,gravelbourg,100,CA,1560866493,61,49.88,-106.56,11.21,61.18
300,danville,1,US,1560866493,78,36.59,-79.4,6.93,77.32
301,herat,0,AF,1560866494,12,34.35,62.22,18.34,93.2
302,nabire,98,ID,1560866494,96,-3.36,135.5,4.16,69.46
303,chojnice,40,PL,1560866494,47,53.7,17.57,7.16,78.55
304,lata,87,IN,1560866494,68,30.78,78.62,6.22,35.26
305,vung tau,100,VN,1560866494,84,10.35,107.08,10.09,79.36
306,maxixe,40,MZ,1560866494,50,-23.86,35.35,6.93,77
307,santarem,,,,,,,,
308,barentsburg,,,,,,,,
309,nurota,0,UZ,1560866494,13,40.56,65.69,9.17,93.2
310,marzuq,100,YE,1560866495,23,14.4,46.47,10.63,92.14
311,grand centre,,,,,,,,
312,adrar,0,DZ,1560866495,4,27.87,-0.29,6.93,109.4
313,tiksi,100,RU,1560866495,54,71.64,128.87,10.69,46.6
314,zambezi,1,ZM,1560866495,29,-13.55,23.12,7.9,76.3
315,dehloran,0,IR,1560866495,10,32.69,47.27,20.92,93.76
316,krasnoselkup,,,,,,,,
317,magadan,100,RU,1560866495,76,59.56,150.8,19.3,49.48
318,sistranda,40,NO,1560866495,76,63.73,8.83,14.99,57.61
319,coquimbo,0,CL,1560866496,57,-29.95,-71.34,8.05,48.2
320,muli,87,IN,1560866496,65,22.62,71.45,19.71,87.1
321,lorengau,99,PG,1560866496,82,-2.02,147.27,7.05,78.82
322,cockburn town,100,TC,1560866444,80,21.46,-71.14,19.24,81.52
323,tevaitoa,0,PF,1560866496,80,-16.78,-151.5,18.7,79.9
324,ardino,20,BG,1560866496,40,41.58,25.13,5.82,87.64
325,elk city,1,US,1560866442,73,35.41,-99.4,5.82,72.43
326,hualmay,100,PE,1560866496,80,-11.1,-77.61,7.92,64.24
327,rivera,100,UY,1560866497,90,-30.9,-55.54,11.79,57.94
328,pangai,49,TO,1560866497,87,-19.8,-174.35,17.05,75.58
329,durban,0,FR,1560866497,48,43.54,0.58,6.93,90.91
330,high level,90,CA,1560866497,93,58.52,-117.13,3.36,59
331,zachary,1,US,1560866497,74,30.65,-91.16,5.82,80.42
332,tarumovka,35,RU,1560866497,30,44.07,46.54,14.41,87.82
333,sabha,0,LY,1560866497,4,27.03,14.43,21.23,111.4
334,hof,0,DE,1560866499,41,50.32,11.92,5.82,80.55
335,ambulu,100,ID,1560866499,84,-8.35,113.61,8.41,75.94
336,havelock,75,US,1560866426,66,34.88,-76.9,12.75,82.54
337,sfantu gheorghe,20,RO,1560866499,48,44.65,26.83,8.05,86
338,nemuro,0,JP,1560866499,87,43.32,145.57,11.95,49.66
339,kindu,100,CD,1560866499,36,-2.95,25.92,1.77,88.36
340,sembakung,40,ID,1560866499,78,3.82,117.25,3.36,82.4
341,barbosa ferraz,0,BR,1560866500,56,-24.03,-52.01,8.05,73.4
342,qui nhon,,,,,,,,
343,monchegorsk,33,RU,1560866500,35,67.94,32.93,4.47,58.48
344,ahipara,92,NZ,1560866500,68,-35.17,173.16,15.93,56.86
345,lumeje,0,AO,1560866500,26,-11.56,20.78,6.42,76.48
346,voznesenskaya,46,RU,1560866500,66,44.55,41.03,6.71,77.74
347,san juan de la maguana,40,DO,1560866500,79,18.81,-71.23,9.17,84.2
348,dong hoi,100,VN,1560866500,80,17.48,106.6,4.61,79.54
349,san sebastian villanueva,48,MX,1560866501,81,19.05,-97.72,1.01,64.99
350,marcona,,,,,,,,
351,cervo,0,BR,1560866501,59,-22.19,-46.24,6.22,66.2
352,sonoita,1,US,1560866501,28,31.68,-110.66,9.17,72.82
353,darbhanga,0,IN,1560866493,37,26.16,85.9,6.58,95.92
354,weston,90,US,1560866501,93,41.2,-73.38,4.7,67.87
355,benjamin hill,0,MX,1560866501,15,30.17,-111.1,14.47,84.58
356,leua,0,AO,1560866501,27,-11.65,20.45,5.75,74.5
357,cukai,100,MY,1560866502,94,4.25,103.42,0.36,82.18
358,tomatlan,57,MX,1560866217,68,19.93,-105.25,2.15,79.9
359,araouane,0,ML,1560866502,6,18.9,-3.53,11.1,111.58
360,port-de-paix,,,,,,,,
361,sao joao da barra,20,BR,1560866502,73,-21.64,-41.05,4.7,77
362,aginskoye,56,RU,1560866502,85,51.11,114.54,8.01,55
363,kamina,24,CD,1560866502,26,-8.74,25,5.46,79.36
364,cabedelo,75,BR,1560866502,88,-6.97,-34.84,11.41,78.8
365,kedrovyy,0,RU,1560866502,40,56.17,91.82,11.18,68
366,fairbanks,90,US,1560866503,62,64.84,-147.72,3.6,55.63
367,arambagh,100,IN,1560866503,57,22.88,87.79,8.14,95
368,coari,12,BR,1560866503,55,-4.09,-63.14,3.8,88
369,kwinana,0,AU,1560866503,93,-32.25,115.77,3.36,45.21
370,aleksandrovskoye,20,RU,1560866503,93,56.74,85.39,11.18,58.03
371,vila,20,IT,1560866503,40,45.18,8.4,5.82,87.04
372,dipkarpaz,,,,,,,,
373,dinsor,,,,,,,,
374,anjiang,100,CN,1560866504,97,27.32,110.14,2.89,73.78
375,challapata,0,BO,1560866504,44,-18.9,-66.78,9.64,46.42
376,menongue,0,AO,1560866504,25,-14.66,17.68,8.19,74.68
377,jalu,10,LY,1560866383,7,29.03,21.55,5.57,110.32
378,newport,20,GB,1560866286,77,51.59,-3,4.7,59.97
379,manado,40,ID,1560866505,88,1.49,124.85,6.46,78.8
380,kondinskoye,63,RU,1560866505,56,59.65,67.41,6.6,54.16
381,pajarito,100,CO,1560866505,95,5.29,-72.7,4.36,49.66
382,mattawa,40,CA,1560866505,77,46.32,-78.7,3.36,68.9
383,phrai bung,,,,,,,,
384,saleaula,,,,,,,,
385,hue,40,VN,1560866505,83,16.47,107.58,2.24,84.2
386,lompoc,90,US,1560866505,82,34.64,-120.46,1.45,56.55
387,sitka,93,US,1560866506,91,37.17,-99.65,1.99,68
388,maldonado,75,UY,1560866426,88,-34.91,-54.96,8.05,66.2
389,mount gambier,40,AU,1560866506,86,-37.83,140.78,2.24,41
390,assens,0,CH,1560866506,50,46.61,6.62,6.93,78.84
391,berlevag,75,NO,1560866506,72,70.86,29.09,6.93,43.59
392,gat,12,SN,1560866506,55,14.69,-16.54,9.17,87.8
393,tshikapa,0,CD,1560866506,18,-6.42,20.79,2.91,91.78
394,itarema,8,BR,1560866506,64,-2.92,-39.92,9.89,85.84
395,havoysund,0,NO,1560866507,65,71,24.66,11.41,46.4
396,sinkat,,,,,,,,
397,bandarbeyla,100,SO,1560866507,34,9.49,50.81,21.32,93.58
398,catamarca,,,,,,,,
399,port lincoln,67,AU,1560866507,63,-34.72,135.86,7.43,53.98
400,trelew,100,AR,1560866507,95,-43.25,-65.31,13.18,48.22
401,kurri kurri,75,AU,1560866507,87,-32.82,151.48,8.05,56.89
402,klaksvik,75,FO,1560866507,87,62.23,-6.59,9.17,48.2
403,viedma,100,AR,1560866233,96,-40.81,-62.99,11.92,55.96
404,ust-karsk,0,RU,1560866507,68,52.71,118.82,3.09,62.8
405,kibaek,75,DK,1560866508,57,56.03,8.86,13.87,72.14
406,methven,0,NZ,1560866508,83,-43.63,171.65,5.79,33.06
407,ballina,75,IE,1560866508,72,54.11,-9.15,10.29,58.23
408,suao,,,,,,,,
409,mandasa,97,IN,1560866508,69,18.87,84.46,4.25,83.32
410,dien bien,,,,,,,,
411,odienne,38,CI,1560866508,60,9.51,-7.57,3.69,87.46
412,robertsport,75,LR,1560866508,80,6.75,-11.37,12.03,81.34
413,invermere,0,CA,1560866508,66,50.51,-116.03,1.01,66
414,faya,0,SA,1560866509,51,18.39,42.45,5.82,88
415,san cristobal,40,EC,1560866509,48,-0.39,-78.55,5.82,53.33
416,yirol,,,,,,,,
417,matay,0,EG,1560866509,13,28.42,30.79,10.09,102.22
418,bodden town,20,KY,1560866383,88,19.28,-81.25,3.36,82.89
419,venado tuerto,19,AR,1560866420,54,-33.75,-61.97,19.66,55.78
420,moramanga,91,MG,1560866509,96,-18.95,48.23,3.29,58.48
421,sola,0,FI,1560866509,38,62.78,29.36,11.41,77.54
422,baisha,100,CN,1560866510,80,19.23,109.45,1.79,82.96
423,sitia,0,GR,1560866510,82,35.21,26.11,15.68,75.58
424,verkhoyansk,0,RU,1560866510,52,67.55,133.39,3.18,54.88
425,calvinia,100,ZA,1560866510,23,-31.47,19.78,15.55,71.44
426,independence,40,US,1560866405,88,39.09,-94.42,5.06,67.39
427,lingao,99,CN,1560866510,84,19.91,109.69,14.52,84.04
428,mahroni,60,IN,1560866510,30,24.59,78.73,5.3,95.74
429,rawson,100,AR,1560866511,95,-43.3,-65.11,13.18,48.22
430,meulaboh,100,ID,1560866511,65,4.14,96.13,5.46,86.38
431,ellisras,0,ZA,1560866511,13,-23.67,27.74,5.1,70.72
432,lodja,6,CD,1560866511,28,-3.52,23.6,2.24,91.24
433,pangody,97,RU,1560866511,69,65.85,74.49,9.69,46.42
434,uspenka,5,UA,1560866511,51,48.39,39.16,4.81,79.72
435,mehamn,75,NO,1560866511,70,71.03,27.85,6.93,44.6
436,vigrestad,75,NO,1560866512,68,58.57,5.7,14.99,62.74
437,macau,58,BR,1560866512,73,-5.11,-36.64,13.76,82.96
438,alta,0,NO,1560866512,54,69.97,23.27,14.99,54.46
439,ranau,75,MY,1560866512,83,5.95,116.67,6.93,80.6
440,mataram,83,ID,1560866512,92,-5.32,105.06,1.43,69.82
441,severodvinsk,20,RU,1560866512,52,64.56,39.82,6.71,64.4
442,korla,,,,,,,,
443,staryy nadym,96,RU,1560866513,58,65.61,72.68,11.25,48.76
444,ust-kulom,69,RU,1560866513,43,61.69,53.69,4.99,63.16
445,dombarovskiy,1,RU,1560866513,45,50.76,59.54,8.34,69.1
446,nara,75,JP,1560866513,83,34.68,135.8,5.82,67.66
447,san vicente,0,SV,1560866514,78,13.64,-88.78,4.7,78.8
448,windhoek,0,NA,1560866514,17,-22.57,17.08,9.17,70.05
449,mujiayingzi,93,CN,1560866514,86,42.12,118.78,2.93,61.36
450,gamba,0,CN,1560866515,56,28.28,88.52,9.37,42.64
451,maniitsoq,97,GL,1560866515,72,65.42,-52.9,4.41,45.7
452,chicama,90,PE,1560866515,93,-7.84,-79.15,8.05,62.6
453,kastamonu,75,TR,1560866515,88,41.38,33.78,4.7,66.07
454,weihe,78,CN,1560866515,95,32.99,105.33,2.33,58.12
455,kruisfontein,0,ZA,1560866515,45,-34,24.73,5.84,64.78
456,nizhneyansk,,,,,,,,
457,sarkand,93,KZ,1560866515,37,45.41,79.91,2.1,68.74
458,muyezerskiy,8,RU,1560866516,67,63.93,31.65,7.52,67.12
459,morant bay,20,JM,1560866416,52,17.88,-76.41,31.09,87.8
460,husavik,74,CA,1560866516,35,50.56,-96.99,4,63.41
461,raudeberg,40,NO,1560866516,72,61.99,5.14,13.87,59.59
462,kouango,54,CF,1560866516,84,4.99,19.98,3.06,80.62
463,cherskiy,100,RU,1560866516,51,68.75,161.3,8.57,59.92
464,laramie,75,US,1560866432,87,41.31,-105.59,3.36,51.62
465,dongsheng,0,CN,1560866516,91,29.72,112.52,4.88,74.32
466,mandla,74,IN,1560866516,37,22.6,80.37,9.44,91.96
467,vitim,100,RU,1560866516,89,59.44,112.57,4.25,59.74
468,talen,79,IN,1560866517,40,23.57,76.72,14.76,93.22
469,russell,0,AR,1560866517,60,-33.01,-68.8,2.24,39.2
470,mount isa,0,AU,1560866517,43,-20.73,139.49,8.05,55.4
471,newry,75,GB,1560866517,59,54.18,-6.34,8.05,65.25
472,hagen,0,DE,1560866518,48,51.36,7.47,3.36,84.56
473,kemi,0,FI,1560866518,72,65.74,24.56,14.99,62.6
474,boende,99,CD,1560866518,54,-0.28,20.88,1.61,86.2
475,dunedin,0,NZ,1560866504,72,-45.87,170.5,1.01,42.01
476,progreso,90,UY,1560866518,100,-34.68,-56.22,12.75,56.66
477,egvekinot,2,RU,1560866519,58,66.32,-179.17,2.84,56.86
478,jujuy,,,,,,,,
479,marystown,39,CA,1560866308,84,47.17,-55.16,8.84,57.76
480,garowe,66,SO,1560866519,40,8.41,48.48,19.01,88.18
481,camacha,20,PT,1560866519,73,33.08,-16.33,11.41,72.63
482,amboise,0,FR,1560866519,48,47.41,0.98,13.87,82.58
483,agirish,100,RU,1560866519,59,61.92,63.02,7.61,49.84
484,dunda,40,IN,1560866519,51,30.62,78.32,3.36,84.2
485,hervey bay,0,AU,1560866223,81,-25.3,152.85,3.67,50.65
486,north vanlaiphai,23,IN,1560866519,96,23.13,93.07,1.63,72.7
487,vestmanna,75,FO,1560866520,87,62.16,-7.17,9.17,48.2
488,tuy hoa,68,VN,1560866520,85,13.08,109.3,4.92,76.48
489,troitskoye,41,RU,1560866520,96,52.98,84.68,5.84,57.22
490,kimbe,99,PG,1560866520,86,-5.56,150.15,3.06,73.6
491,muridke,20,PK,1560866520,58,31.8,74.25,8.05,86
492,paka,40,HR,1560866520,65,45.29,18.06,6.93,82.87
493,yulara,0,AU,1560866521,53,-25.24,130.99,8.05,50
494,guerrero negro,41,MX,1560866521,85,27.97,-114.04,8.79,61.72
495,gravdal,75,NO,1560866521,67,59.79,5.78,14.99,61.52
496,maragogi,46,BR,1560866521,71,-9.01,-35.22,9.26,81.16
497,teguldet,100,RU,1560866521,50,57.31,88.17,10.22,64.42
498,mecca,0,SA,1560866398,20,21.43,39.83,25.43,98.44
499,salalah,75,OM,1560866521,79,17.01,54.1,13.87,89.6
500,bageshwar,96,IN,1560866521,68,29.85,79.77,5.73,63.16
501,marv dasht,,,,,,,,
502,lac-megantic,1,CA,1560866522,72,45.58,-70.88,2.06,63.64
503,daru,66,SL,1560866522,52,7.99,-10.85,1.45,91.06
504,presidencia roque saenz pena,100,AR,1560866522,72,-26.79,-60.44,8.19,54.7
505,vardo,40,US,1560866522,83,39.62,-77.74,5.23,76.82
506,nahariyya,20,IL,1560866522,61,33.01,35.09,11.41,83.23
507,hofn,100,IS,1560866522,90,64.25,-15.21,18.43,33.82
508,zhangye,98,CN,1560866522,30,38.94,100.46,8.63,68.38
509,umm durman,,,,,,,,
510,landeck,40,AT,1560866523,25,47.14,10.57,3.36,80.44
511,xining,30,CN,1560866523,83,36.62,101.77,2.8,40.48
512,bend,1,US,1560866297,71,44.06,-121.32,2.98,55.31
513,amapa,75,HN,1560866523,83,15.09,-87.97,2.24,80.6
514,banepa,75,NP,1560866523,65,27.63,85.52,10.29,78.8
515,royal leamington spa,20,GB,1560866523,63,52.29,-1.54,2.24,63.32
516,lufilufi,20,WS,1560866523,94,-13.87,-171.6,20.13,75.2
517,malia,0,GR,1560866524,57,35.28,25.46,8.99,82
518,botou,100,CN,1560866524,54,38.08,116.55,14.25,81.16
519,kilindoni,0,TZ,1560866524,76,-7.91,39.67,16.35,79.54
520,saint george,40,GR,1560866524,33,39.45,22.34,6.93,87.49
521,barawe,,,,,,,,
522,kijang,0,KR,1560866524,78,35.24,129.21,6.93,71.6
523,mersing,100,MY,1560866524,90,2.43,103.84,2.24,76.12
524,surt,0,LY,1560866524,66,31.21,16.59,15.03,78.46
525,saint-maximin-la-sainte-baume,75,FR,1560866525,26,43.45,5.86,14.99,83.79
526,carutapera,0,BR,1560866525,91,-1.2,-46.02,6.58,81.16
527,concepcion,0,CO,1560866525,67,9.56,-73.66,2.77,87.82
528,boa vista,40,BR,1560866526,78,2.82,-60.67,2.24,82.4
529,maarianhamina,,,,,,,,
530,saint anthony,40,US,1560866526,76,43.97,-111.68,3.36,52.27
531,polson,20,US,1560866527,87,47.69,-114.16,4.43,57.02
532,kattivakkam,20,IN,1560866527,59,13.22,80.32,10.29,91.31
533,mustasaari,0,FI,1560866527,52,63.17,21.67,20.8,69.13
534,andenes,,,,,,,,
535,esperanza,95,PH,1560866527,92,6.72,124.52,3.11,70
536,chesma,0,RU,1560866527,61,53.81,60.65,7.25,58.84
537,pevek,100,RU,1560866528,73,69.7,170.27,6.33,39.94
538,nantucket,90,US,1560866329,100,41.28,-70.1,6.93,64.99
539,vallenar,0,CL,1560866528,6,-28.58,-70.76,1.21,69.28
540,talnakh,33,RU,1560866528,70,69.49,88.39,17.9,48.2
541,beringovskiy,0,RU,1560866528,50,63.05,179.32,6.11,56.86
542,chudniv,20,UA,1560866528,76,50.05,28.12,7.2,72.88
543,la primavera,0,AR,1560866528,60,-32.92,-68.67,2.24,39.2
544,ilulissat,75,GL,1560866529,65,69.22,-51.1,2.24,46.4
545,ambilobe,0,MG,1560866529,72,-13.19,49.05,2.59,74.86
546,matara,0,PE,1560866529,41,-13.74,-72.9,5.35,39.2
547,bowling green,90,US,1560866424,94,36.99,-86.44,4.7,70.61
548,kiruna,90,SE,1560866529,93,67.86,20.23,5.82,48.2
549,ilebo,0,CD,1560866529,26,-4.33,20.59,3,90.52
550,callaway,75,US,1560866529,82,46.98,-95.91,9.17,59.47
551,talara,0,PE,1560866530,290,-4.58,-81.27,23.04,62.6
552,fomboni,32,KM,1560866530,75,-12.28,43.74,14.14,79.36
553,horasan,75,TR,1560866530,52,40.04,42.16,6.96,68.38
554,ippy,48,CF,1560866530,89,6.26,21.2,1.48,80.8
555,rocky mountain house,100,CA,1560866530,89,52.38,-114.92,5.82,55.6
556,san carlos,100,VE,1560866531,95,9.66,-68.59,2.42,76.12
557,atar,0,MR,1560866531,8,20.52,-13.05,13.09,109.6
558,queanbeyan,75,AU,1560866531,93,-35.35,149.23,5.82,41.76
559,kostomuksha,0,RU,1560866531,50,64.59,30.6,2.26,68.56
560,hailar,1,CN,1560866532,45,49.2,119.7,8.95,67.48
561,saint-georges,0,CA,1560866403,49,46.12,-70.67,1.99,65.34
562,kalmunai,100,LK,1560866532,71,7.42,81.82,4.03,83.68
563,mizoch,0,UA,1560866532,47,50.4,26.14,6.71,78.8
564,araguatins,,,,,,,,
565,pangnirtung,75,CA,1560866532,80,66.15,-65.72,5.82,41
566,port blair,100,IN,1560866532,78,11.67,92.75,23.67,84.4
567,loikaw,78,MM,1560866533,99,19.67,97.21,3.06,66.76
568,mancio lima,,,,,,,,
569,toppenish,1,US,1560866533,43,46.38,-120.31,10.29,67.59
570,le vauclin,90,MQ,1560866533,79,14.55,-60.84,17.22,83.8
571,mangan,75,IN,1560866533,88,27.5,88.54,1.79,58.84
572,atasu,19,KZ,1560866533,48,48.68,71.64,4,58.48
573,shipunovo,80,RU,1560866533,86,52.22,82.26,6.85,57.4
574,saint-joseph,0,FR,1560866534,51,43.56,6.97,6.93,82.47
575,bergen,,,,,,,,
576,medford,1,US,1560866415,72,42.33,-122.87,0.67,57.96
577,waipawa,100,NZ,1560866534,90,-39.94,176.59,3.56,37
578,kyren,0,RU,1560866534,93,51.68,102.13,4.85,41.56
579,japura,99,ID,1560866534,98,-0.42,102.29,2.35,75.04
580,palmer,0,AU,1560866404,87,-34.85,139.16,5.82,42.84
581,houston,75,US,1560866245,78,29.76,-95.37,5.23,80.28
582,thai binh,20,VN,1560866292,88,20.45,106.33,8.05,82.4
583,novobirilyussy,57,RU,1560866535,58,56.95,90.69,8.72,61.18
584,shingu,97,JP,1560866535,97,33.72,135.99,1.66,57.76
585,smoky lake,48,CA,1560866535,79,54.11,-112.47,4,61
586,san andres,1,PH,1560866535,88,13.32,122.68,2.84,78.28
587,samalaeulu,,,,,,,,
588,forest,90,US,1560866536,94,32.36,-89.47,5.82,74.05
